ÔČģ	500px
ÓúÄ	aarch64
Ôäõ	accessible-icon
Ôā∑	accusoft
ÔäĻ	address-book
Ôäļ	address-book-o
ÔäĽ	address-card
Ôäľ	address-card-o
ÔĀā	adjust
ÔÖį	adn
ÓúĀ	adonisjs
Ôāł	adversal
ÔāĻ	affiliatetheme
ÓúÖ	aftereffects
Óĺď	airbnb
Óúą	akka
Óúä	algolia
ÔÄ∑	align-center
ÔÄĻ	align-justify
ÔÄ∂	align-left
ÔÄł	align-right
Óļľ	alipay
ÔĆĚ	almalinux
ÔĆÄ	alpine
Óúď	alpinejs
ÔČį	amazon
ÓĶĖ	amazon-pay
Óě≠	amazonwebservices
ÔÉĻ	ambulance
Ôä£	american-sign-language-interpreting
ÔāĽ	amilia
Óúē	anaconda
ÔĄĹ	anchor
Óúé	android
Óúö	androidstudio
ÔąČ	angellist
ÔĄÉ	angle-double-down
ÔĄÄ	angle-double-left
ÔĄĀ	angle-double-right
ÔĄā	angle-double-up
ÔĄá	angle-down
ÔĄĄ	angle-left
ÔĄÖ	angle-right
ÔĄÜ	angle-up
ÔĄÉ	angles-down
ÔĄÄ	angles-left
ÔĄĀ	angles-right
ÔĄā	angles-up
Ôāľ	angrycreative
ÓĚď	angular
Óúú	angularjs
Óú†	angularmaterial
ÓļĹ	ankh
Óú£	ansible
Óú™	antdesign
ÔĆĀ	aosc
Óúę	apache
Óú¨	apacheairflow
Óúģ	apachekafka
ÓúĮ	apachespark
Óúį	apl
ÔāĹ	app-store
Ôāĺ	app-store-ios
Óěę	appcelerator
ÔāŅ	apper
ÓúĎ	apple
Óäě	apple-fruit
ÓĶĀ	apple-pay
Óļė	apple-whole
ÓúĪ	appwrite
ÔćÖ	archcraft
ÔÜá	archive
ÔĆě	archlabs
Óú≤	archlinux
Ół†	archway
ÔćÜ	arcolinux
Óú≥	arduino
Ôáĺ	area-chart
Óúī	argocd
Ôāę	arrow-circle-down
Ôā®	arrow-circle-left
ÔÄö	arrow-circle-o-down
ÔÜź	arrow-circle-o-left
ÔÜé	arrow-circle-o-right
ÔÄõ	arrow-circle-o-up
Ôā©	arrow-circle-right
Ôā™	arrow-circle-up
ÔĀ£	arrow-down
ÔÖĘ	arrow-down-1-9
ÓĺĪ	arrow-down-9-1
ÔÖĚ	arrow-down-a-z
ÔÖĶ	arrow-down-long
ÓĺĮ	arrow-down-short-wide
ÔÖ†	arrow-down-wide-short
Óĺ≠	arrow-down-z-a
ÔĀ†	arrow-left
ÔÖ∑	arrow-left-long
ÔČÖ	arrow-pointer
ÔĀ°	arrow-right
ÔÉ¨	arrow-right-arrow-left
Ôāč	arrow-right-from-bracket
ÔÖł	arrow-right-long
Ôāź	arrow-right-to-bracket
ÔÉĘ	arrow-rotate-left
ÔÄě	arrow-rotate-right
ÔÖČ	arrow-turn-down
ÔÖą	arrow-turn-up
ÔĀĘ	arrow-up
ÔÖ£	arrow-up-1-9
Óĺ≤	arrow-up-9-1
ÔÖě	arrow-up-a-z
ÔÖ∂	arrow-up-long
Ôāé	arrow-up-right-from-square
Óĺį	arrow-up-short-wide
ÔÖ°	arrow-up-wide-short
Óĺģ	arrow-up-z-a
ÔĀá	arrows
Ôā≤	arrows-alt
ÔĀĺ	arrows-h
ÔĀĺ	arrows-left-right
ÔÄ°	arrows-rotate
ÔĀĹ	arrows-up-down
ÔĀá	arrows-up-down-left-right
ÔĀĹ	arrows-v
ÔĆü	artix
ÓľĪ	artstation
Ôä£	asl-interpreting
ÔäĘ	assistive-listening-systems
ÔĀ©	asterisk
ÓúĶ	astro
ÔÉŹ	asymmetrik
Ôáļ	at
Óľ≤	atlassian
ÓĚ§	atom
ÔÉü	audible
Ôäě	audio-description
ÔÜĻ	automobile
ÓĶá	autoprefixer
ÓŅā	avianex
ÓĶĆ	aviato
ÓłĘ	award
ÔćĒ	awesome
ÓĚĀ	awk
Óě≠	aws
ÓĚŹ	axios
ÓĚĒ	azure
ÓĚĖ	azuredevops
ÓĚõ	azuresqldatabase
ÓĚĚ	babel
Óľ≥	baby
Óľī	baby-carriage
ÓĚí	backbone
ÓĚí	backbonejs
ÔĀä	backward
ÔĀČ	backward-fast
ÔĀą	backward-step
ÓĹ∑	bacon
ÓäÄ	bacteria
Ôäź	bag-shopping
ÓĽč	bahai
ÔČé	balance-scale
ÓĚě	ballerina
ÓĚü	bamboo
ÔĀě	ban
ÓłĖ	ban-smoking
ÓäĀ	banana
ÓĶī	bandage
Ôčē	bandcamp
ÔÜú	bank
ÔāÄ	bar-chart
ÔāÄ	bar-chart-o
ÔÄ™	barcode
ÔÉČ	bars
ÓĺŹ	bars-progress
Ółô	bars-staggered
ÓĶú	baseball
ÓĶõ	baseball-bat-ball
ÓĚ†	bash
ÔäĎ	basket-shopping
ÓĶĚ	basketball
Ôčć	bath
Ôčć	bathtub
ÔČÄ	battery
ÔČĄ	battery-0
ÔČÉ	battery-1
ÔČā	battery-2
ÔČĀ	battery-3
ÔČÄ	battery-4
ÔČĄ	battery-empty
ÔČÄ	battery-full
ÔČā	battery-half
ÔČÉ	battery-quarter
ÔČĀ	battery-three-quarters
ÓĺĒ	battle-net
ÓĚ°	beats
Ôą∂	bed
Ó∂ä	bed-pulse
ÔÉľ	beer
ÔÉľ	beer-mug-empty
ÓĚĘ	behance
ÔÜĶ	behance-square
ÔÉ≥	bell
Ółę	bell-concierge
ÔāĘ	bell-o
Ôá∂	bell-slash
Ôá∑	bell-slash-o
ÓäĄ	benzene
Ół§	bezier-curve
ÔąÜ	bicycle
ÓäÖ	bigger
Ôćá	biglinux
ÔÉŅ	bimobject
Ôá•	binoculars
ÓľĶ	biohazard
ÔáĹ	birthday-cake
ÓúÉ	bitbucket
ÔÖ≤	bitbucket-square
ÔĄŹ	bitcoin
ÔĄĖ	bity
ÔČĺ	black-tie
ÔĄó	blackberry
ÓĚ•	blazor
ÓĚ¶	blender
ÓĽ™	blender-phone
ÔäĚ	blind
Óľ∂	blog
ÔĄü	blogger
ÔĄĮ	blogger-b
Óäá	blogger-circle
Óäą	blogger-square
Ôäď	bluetooth
ÔäĒ	bluetooth-b
ÔÄ≤	bold
ÔÉß	bolt
ÔáĘ	bomb
Óļö	bone
ÓäČ	bones
Ół•	bong
ÔÄ≠	book
Ół°	book-atlas
Óļĺ	book-bible
ÓĽć	book-journal-whills
ÓĹł	book-medical
Ó∑Ę	book-open
Óäč	book-open-o
Óļõ	book-open-reader
ÓĽú	book-quran
ÓĽę	book-skull
Óĺé	book-tanakh
ÔÄģ	bookmark
Ôāó	bookmark-o
ÓĚá	bootstrap
Óĺ£	border-all
Óĺ§	border-none
Óĺ•	border-top-left
ÓĚć	bower
ÓĶě	bowling-ball
ÓĶĶ	box
ÔÜá	box-archive
Ó∂ē	box-open
ÓĶ∂	boxes-stacked
Ôä°	braille
Óļú	brain
Óäć	bread
ÓĹĻ	bread-slice
ÔāĪ	briefcase
ÓĶ∑	briefcase-medical
Ó∑§	broom
ÓĶģ	broom-ball
ÓĚę	browserstack
Ół¶	brush
Ôćē	bspwm
ÔÖö	btc
ÔĆ†	budgie
ÓĺĖ	buffer
ÔÜą	bug
ÔÜ≠	building
ÔÜú	building-columns
ÔÉ∑	building-o
Ôā°	bullhorn
ÔÖÄ	bullseye
ÓĚ¨	bulma
ÓĚĮ	bun
Óĺā	burger
ÔĄŅ	buromobelexperte
Ôąá	bus
Ółß	bus-simple
ÓļŅ	business-time
Óäé	butterfly
Óĺ∂	buy-n-large
Ôąć	buysellads
ÓĚĪ	c
ÓĚĪ	c-lang
ÔÜļ	cab
ÓĹĪ	cable-car
ÓĚ≥	cairo
ÔáĹ	cake-candles
ÓĚļ	cakephp
Ôá¨	calculator
ÔĀ≥	calendar
ÔČī	calendar-check
ÔČī	calendar-check-o
Óľ∑	calendar-day
ÔĀ≥	calendar-days
ÔČ≤	calendar-minus
ÔČ≤	calendar-minus-o
ÔĄ≥	calendar-o
ÔČĪ	calendar-plus
ÔČĪ	calendar-plus-o
ÔČ≥	calendar-times-o
Óľł	calendar-week
ÔČ≥	calendar-xmark
ÔÄį	camera
ÔāÉ	camera-retro
ÓĽ¨	campground
ÓľĻ	canadian-maple-leaf
Óľļ	candy-cane
Ół®	cannabis
ÓĚľ	canva
ÓěÖ	capacitor
ÓĶĻ	capsules
ÔÜĻ	car
Óļě	car-battery
Óļü	car-burst
ÓļĚ	car-rear
Óļ†	car-side
ÓŅĀ	caravan
Óěą	carbon
ÔÉó	caret-down
ÔÉô	caret-left
ÔÉö	caret-right
ÔÖź	caret-square-o-down
ÔÜĎ	caret-square-o-left
ÔÖí	caret-square-o-right
ÔÖĎ	caret-square-o-up
ÔÉė	caret-up
ÓäŹ	carot
ÓľĽ	carrot
Ôąė	cart-arrow-down
ÓĶŅ	cart-flatbed
ÓĻ¶	cart-flatbed-suitcase
Ôąó	cart-plus
ÔĀļ	cart-shopping
Óľľ	cash-register
ÓěČ	cassandra
ÓĽ≠	cat
Ôąä	cc
ÓĶó	cc-amazon-pay
Ôá≥	cc-amex
ÓĶā	cc-apple-pay
Óäź	cc-by
ÓäĎ	cc-cc
ÔČĆ	cc-diners-club
Ôá≤	cc-discover
ÔČč	cc-jcb
ÔáĪ	cc-mastercard
Óäí	cc-nc
Óäď	cc-nc-eu
ÓäĒ	cc-nc-jp
Óäē	cc-nd
Ôáī	cc-paypal
ÓäĖ	cc-remix
Óäó	cc-sa
Óäė	cc-share
ÔáĶ	cc-stripe
Ôáį	cc-visa
Óäô	cc-zero
ÔÖŹ	centercode
Óěä	centos
Ôā£	certificate
Óěč	ceylon
ÔÉĀ	chain
ÔĄß	chain-broken
ÓĽģ	chair
Ó∑•	chalkboard
Ó∑¶	chalkboard-user
ÓĹČ	champagne-glasses
Óļ°	charging-station
Ôáĺ	chart-area
ÔāÄ	chart-bar
ÔąĀ	chart-line
ÔąÄ	chart-pie
ÔÄĆ	check
ÔĀė	check-circle
ÔĀĚ	check-circle-o
Ół©	check-double
ÔÖä	check-square
ÔĀÜ	check-square-o
ÓľĮ	check-to-slot
Óäö	checklist-o
ÓĹļ	cheese
Óäõ	cherry
ÓĶü	chess
ÓĶ†	chess-bishop
ÓĶ°	chess-board
ÓČü	chess-horse
ÓĶĘ	chess-king
ÓĶ£	chess-knight
ÓĶ§	chess-pawn
ÓĶ•	chess-queen
ÓĶ¶	chess-rook
ÓČ£	chess-tower
ÔĄļ	chevron-circle-down
ÔĄ∑	chevron-circle-left
ÔĄł	chevron-circle-right
ÔĄĻ	chevron-circle-up
ÔĀł	chevron-down
ÔĀď	chevron-left
ÔĀĒ	chevron-right
ÔĀ∑	chevron-up
Óäü	chicken-thigh
ÔÜģ	child
ÓČ•	chilli
ÓČ¶	chip
ÓĚÉ	chrome
Óĺó	chromecast
Ó∑ß	church
ÓČß	cicling
Ôćü	cinnamon
ÔĄĎ	circle
Ôāę	circle-arrow-down
Ôā®	circle-arrow-left
Ôā©	circle-arrow-right
Ôā™	circle-arrow-up
ÔĀĚ	circle-check
ÔĄļ	circle-chevron-down
ÔĄ∑	circle-chevron-left
ÔĄł	circle-chevron-right
ÔĄĻ	circle-chevron-up
Ó∂ė	circle-dollar-to-slot
ÔÜí	circle-dot
ÔÄö	circle-down
ÔĀ™	circle-exclamation
Ó∂É	circle-h
ÔĀā	circle-half-stroke
ÔĀö	circle-info
ÔÜź	circle-left
ÔĀĖ	circle-minus
Ôáé	circle-notch
ÔĄĆ	circle-o
Ôáé	circle-o-notch
Ôäč	circle-pause
ÔÖĄ	circle-play
ÔĀē	circle-plus
ÔĀô	circle-question
ÓĹõ	circle-radiation
ÔÜé	circle-right
Ôäć	circle-stop
Ôáõ	circle-thin
ÔÄõ	circle-up
ÔäĹ	circle-user
ÔĀú	circle-xmark
ÓěĆ	circleci
ÓĽÄ	city
Óěć	clarity
Óěé	clion
ÔÉ™	clipboard
ÔĀŅ	clipboard-alt
ÓĶļ	clipboard-check
ÓĶĽ	clipboard-list
ÓĹľ	clipboard-user
ÔÄó	clock
ÔÄó	clock-o
Ôáö	clock-rotate-left
ÓĚ®	clojure
ÓĚ™	clojure-alt
Óěź	clojurescript
ÔČć	clone
ÔÄć	close
Ôąä	closed-captioning
ÔÉā	cloud
ÔÉ≠	cloud-arrow-down
ÔÉģ	cloud-arrow-up
Óľ¨	cloud-bolt
ÔÉ≠	cloud-download
Óľö	cloud-meatball
ÓĽĮ	cloud-moon
Óľõ	cloud-moon-rain
Óľú	cloud-rain
ÓľĚ	cloud-showers-heavy
ÓĽį	cloud-sun
Óľě	cloud-sun-rain
ÔÉģ	cloud-upload
Óěí	cloudflare
Óěď	cloudflareworkers
ÔÖü	cloudscale
ÔÖß	cloudsmith
ÔÖĮ	cloudversify
ÓěĒ	cmake
ÔÖó	cny
ÓČ©	cockroach
ÔĄ°	code
ÔĄ¶	code-branch
ÔÖ≤	code-commit
ÔĄ¶	code-fork
ÔÖŅ	code-merge
ÓěĖ	codeac
ÔĆį	codeberg
Óěó	codecov
ÓěÄ	codeigniter
ÓúĖ	codepen
ÔäĄ	codiepie
ÓČ™	coffe-beans
ÔÉī	coffee
ÓĚĎ	coffeescript
ÔÄď	cog
ÔāÖ	cogs
Ó∑®	coins
ÔÉõ	columns
ÓČ¨	comb
ÓČ≠	comet
ÔĀĶ	comment
ÓĽĀ	comment-dollar
ÔČĽ	comment-dots
ÓĹĹ	comment-medical
ÔÉ•	comment-o
Ó∂Ė	comment-slash
ÓĹ®	comment-sms
ÔČļ	commenting
ÔČĽ	commenting-o
ÔāÜ	comments
ÓĽā	comments-dollar
ÔÉ¶	comments-o
Ó∑©	compact-disc
ÔÖé	compass
ÓłĪ	compass-drafting
ÓěÉ	composer
ÔĀ¶	compress
Óĺļ	computer-mouse
Óěô	confluence
Ôąé	connectdevelop
Óěö	consul
Óěõ	contao
Ół¨	cookie
Ół≠	cookie-bite
ÔÉÖ	copy
ÔáĻ	copyright
ÓěĚ	corejs
ÔĆÖ	coreos
Óěü	cosmosdb
ÓĺĶ	cotton-bureau
Ó∂ó	couch
Óě†	couchbase
ÓěĘ	couchdb
ÓĽĪ	cow
ÔÜŹ	cpanel
Óě£	cplusplus
ÔČě	creative-commons
Ó∂Ī	creative-commons-by
Ó∂≤	creative-commons-nc
Ó∂≥	creative-commons-nc-eu
Ó∂ī	creative-commons-nc-jp
Ó∂Ķ	creative-commons-nd
Ó∂∂	creative-commons-pd
Ó∂∑	creative-commons-pd-alt
Ó∂ł	creative-commons-remix
Ó∂Ļ	creative-commons-sa
Ó∂ļ	creative-commons-sampling
Ó∂Ľ	creative-commons-sampling-plus
Ó∂ľ	creative-commons-share
Ó∂Ĺ	creative-commons-zero
ÔāĚ	credit-card
ÔäÉ	credit-card-alt
ÓĽ≤	critical-role
ÔĄ•	crop
Ółģ	crop-simple
ÓĽÉ	cross
ÔĀõ	crosshairs
Ó∑™	crow
Ó∑ę	crown
ÓĹĺ	crutch
Óě¨	crystal
Óě≤	csharp
ÓĚČ	css3
ÔÜü	css3-alt
ÓĚä	css3-full
ÔÜ≤	cube
ÔÜ≥	cubes
Óě∑	cucumber
ÓČĮ	cup-coffe
ÔÉĄ	cut
ÔÉĶ	cutlery
ÔÜĮ	cuttlefish
ÓěĻ	cypressio
ÔÜŅ	d-and-d
ÓĽ≥	d-and-d-beyond
Óěľ	d3js
Óěė	dart
ÔÉ§	dashboard
Ôąź	dashcube
ÓúÜ	database
ÓěĹ	datagrip
Óěĺ	dataspell
ÓěŅ	dbeaver
Ôä§	deaf
Ôä§	deafness
ÓĚĹ	debian
ÔÄĽ	dedent
ÔĆ°	deepin
Ół£	delete-left
ÔÜ•	delicious
Óľü	democrat
ÓüÄ	denojs
ÔáŹ	deploydog
Ôáü	deskpro
ÔĄą	desktop
ÓĽī	dev
ÔÜĹ	deviantart
ÓüĀ	devicon
ÔĆá	devuan
ÓĽĄ	dharmachakra
ÓĹÄ	dhl
ÓŅé	diagram-project
Ôäü	diamond
ÓļĘ	diamond-turn-right
ÓĹĀ	diaspora
Ó∑¨	dice
ÓĽĶ	dice-d20
ÓĽ∂	dice-d6
Ó∑≠	dice-five
Ó∑ģ	dice-four
Ó∑Į	dice-one
Ó∑į	dice-six
Ó∑Ī	dice-three
Ó∑≤	dice-two
ÔÜ¶	digg
Óěģ	digital-ocean
Óěģ	digitalocean
ÓČĪ	disco
ÔáŅ	discord
Óüā	discordjs
ÔąĆ	discourse
ÓĹŅ	disease
Ó∑≥	divide
ÓúĚ	django
ÓüÉ	djangorest
ÓěĮ	dlang
ÓĶĹ	dna
ÔąŹ	dochub
Óěį	docker
ÓĚī	doctrine
ÓĽ∑	dog
ÔÖē	dollar
ÔÖē	dollar-sign
ÓĶĺ	dolly
ÓČ≥	donut
Ó∑ī	door-closed
Ó∑Ķ	door-open
ÔÜí	dot-circle-o
ÓĚŅ	dotnet
ÓüÜ	dotnetcore
Ó∂ô	dove
ÓĶć	down-left-and-up-right-to-center
ÔÄŅ	down-long
ÔÄô	download
Ôą†	draft2digital
ÓĽł	dragon
Óļ£	draw-polygon
Óěú	dreamweaver
ÓČī	dress
ÔÖĹ	dribbble
Ôčā	drivers-license
ÔčÉ	drivers-license-o
ÓČĶ	drop
Óúá	dropbox
ÔĀÉ	droplet
Óļé	droplet-slash
Óüá	dropwizard
Ół≤	drum
Ół≥	drum-steelpan
ÓĽĻ	drumstick-bite
ÓĚā	drupal
ÓĶß	dumbbell
ÓĹā	dumpster
ÓĹÉ	dumpster-fire
ÓĽļ	dungeon
ÔćĖ	dwm
ÔąĮ	dyalog
Óüą	dynamodb
Ôä§	ear-deaf
ÔäĘ	ear-listen
Ôąį	earlybirds
ÓĻÖ	earth-africa
ÓĻÜ	earth-americas
ÓĻá	earth-asia
ÓĹč	earth-europe
Ó∂ĺ	ebay
Óěě	eclipse
ÓüČ	ecto
Ôäā	edge
ÔĀĄ	edit
Ôčö	eercast
ÓĺÄ	egg
ÔĀí	eject
Óüä	elasticsearch
Óüč	electron
ÔĆČ	elementary
ÓĶö	elementor
ÓüĆ	eleventy
Óüć	elixir
ÔÖĀ	ellipsis
ÔÖĀ	ellipsis-h
ÔÖā	ellipsis-v
ÔÖā	ellipsis-vertical
Óļ§	ello
Óüé	elm
ÓüŹ	emacs
Óüź	embeddedc
Óúõ	ember
ÔáĎ	empire
ÔĆĘ	endeavour
Ôćó	enlightenment
ÔÉ†	envelope
ÔÄÉ	envelope-o
Ôä∂	envelope-open
Ôä∑	envelope-open-o
ÓĽÖ	envelope-open-text
ÔÜô	envelope-square
ÓĽĎ	envelopes-bulk
Ôäô	envira
ÓüĎ	envoy
ÓČĻ	equal
ÓČļ	equal-bigger
Ó∑∂	equals
ÔĄ≠	eraser
ÓěĪ	erlang
Óüí	eslint
ÓĶė	ethereum
ÓĹĄ	ethernet
Ôčó	etsy
ÔÖď	eur
ÔÖď	euro
ÔÖď	euro-sign
Óĺė	evernote
ÔÉ¨	exchange
ÔĄ™	exclamation
ÔĀ™	exclamation-circle
ÔĀĪ	exclamation-triangle
ÔĀ•	expand
Ôąĺ	expeditedssl
Óüď	express
Ôāé	external-link
ÔÖĆ	external-link-square
ÔĀģ	eye
ÔáĽ	eye-dropper
Ôä®	eye-low-vision
ÔĀį	eye-slash
ÔáĽ	eyedropper
Ôäī	fa
Ółü	face-angry
Ółį	face-dizzy
ÓĻā	face-flushed
ÔĄô	face-frown
ÓĻÉ	face-frown-open
ÓĻą	face-grimace
ÓĻČ	face-grin
ÓĻč	face-grin-beam
ÓĻĆ	face-grin-beam-sweat
ÓĻć	face-grin-hearts
ÓĻé	face-grin-squint
ÓĻŹ	face-grin-squint-tears
ÓĻź	face-grin-stars
ÓĻĎ	face-grin-tears
ÓĻí	face-grin-tongue
ÓĻď	face-grin-tongue-squint
ÓĻĒ	face-grin-tongue-wink
ÓĻä	face-grin-wide
ÓĻē	face-grin-wink
ÓĻü	face-kiss
ÓĻ†	face-kiss-beam
ÓĻ°	face-kiss-wink-heart
ÓĻĘ	face-laugh
ÓĻ£	face-laugh-beam
ÓĻ§	face-laugh-squint
ÓĻ•	face-laugh-wink
ÔĄö	face-meh
ÓĻ≠	face-meh-blank
ÓĻģ	face-rolling-eyes
ÓĻĽ	face-sad-cry
ÓĻľ	face-sad-tear
ÔĄė	face-smile
ÓļÄ	face-smile-beam
Ó∂©	face-smile-wink
ÓļČ	face-surprise
ÓļŹ	face-tired
ÓüĒ	facebook
ÔČŹ	facebook-f
ÔČü	facebook-messenger
Ôąį	facebook-official
Ôāā	facebook-square
Óĺß	fan
ÓĽĽ	fantasy-flight-games
ÔĀČ	fast-backward
ÔĀź	fast-forward
Óüē	fastapi
ÓüĖ	fastify
Óüó	faunadb
ÔÜ¨	fax
Ôć™	fdroid
Ó∑∑	feather
Ółī	feather-pointed
Óüė	feathersjs
ÓĹÖ	fedex
Óüô	fedora
ÔĆč	fedora-inverse
Ôāě	feed
ÓČĽ	feedly
ÔÜā	female
ÔĆ£	ferris
ÔÉĽ	fighter-jet
Óüö	figma
ÔÖõ	file
ÔáÜ	file-archive-o
Ół∂	file-arrow-down
ÓłĹ	file-arrow-up
Ôáá	file-audio
Ôáá	file-audio-o
ÔáČ	file-code
ÔáČ	file-code-o
ÓłĶ	file-contract
ÓĽľ	file-csv
ÔáÉ	file-excel
ÔáÉ	file-excel-o
Ół∑	file-export
ÔáÖ	file-image
ÔáÖ	file-image-o
Ółł	file-import
ÓłĻ	file-invoice
Ółļ	file-invoice-dollar
ÔÖú	file-lines
Ó∂Ä	file-medical
Ôáą	file-movie-o
ÔÄĖ	file-o
ÔáĀ	file-pdf
ÔáĀ	file-pdf-o
ÔĀü	file-pen
ÔáÖ	file-photo-o
ÔáÖ	file-picture-o
ÔáĄ	file-powerpoint
ÔáĄ	file-powerpoint-o
ÓłĽ	file-prescription
Ółľ	file-signature
Ôáá	file-sound-o
ÔÖú	file-text
ÔÉ∂	file-text-o
Ôáą	file-video
Ôáą	file-video-o
Ó∂Ā	file-waveform
Ôáā	file-word
Ôáā	file-word-o
ÔáÜ	file-zip-o
ÔáÜ	file-zipper
ÔÉÖ	files-o
Óüõ	filezilla
Ółĺ	fill
ÓłŅ	fill-drip
ÔÄą	film
Ôāį	filter
ÓĽą	filter-circle-dollar
ÓĻÄ	fingerprint
ÔĀ≠	fire
ÔĄī	fire-extinguisher
ÓĹ∂	fire-flame-curved
ÓĶł	fire-flame-simple
Óěá	firebase
ÓĚÖ	firefox
Ôäį	first-order
Ó∑Ē	first-order-alt
ÔČĘ	firstdraft
ÓĻĀ	fish
ÔÄ§	flag
ÔĄě	flag-checkered
ÔĄĚ	flag-o
Óľ†	flag-usa
ÔÉß	flash
Óüú	flask
ÔĆ§	flathub
ÔÖģ	flickr
ÓĶ®	flipboard
ÓČÄ	floppy
ÔÉá	floppy-disk
ÔÉá	floppy-o
ÓüĚ	flutter
Ôćė	fluxbox
ÓĶÉ	fly
ÔĀĽ	folder
ÓĽÜ	folder-minus
ÔĄĒ	folder-o
ÔĀľ	folder-open
ÔĄē	folder-open-o
ÓĽá	folder-plus
ÓĺĀ	folder-tree
ÔÄĪ	font
Ôäī	font-awesome
ÔäÄ	fonticons
ÔČĮ	fonticons-fi
ÓĶ©	football
ÓČĀ	footprint
ÔĆĶ	forgejo
ÔäÜ	fort-awesome
ÔČŅ	fort-awesome-alt
Óüě	fortran
ÔąĎ	forumbee
ÔĀé	forward
ÔĀź	forward-fast
ÔĀĎ	forward-step
Ôćę	fosdem
Óüü	foundation
ÔÜÄ	foursquare
Óü†	framermotion
Óü°	framework7
ÔčÖ	free-code-camp
ÔäŹ	freebsd
ÔĆ∂	freecad
ÓČā	freecodecamp
Ôć†	freedesktop
Ó∑ł	frog
ÔĄô	frown-o
Óěß	fsharp
Ó∑ē	fulcrum
Ôá£	futbol
Ôá£	futbol-o
Ó∑Ė	galactic-republic
Ó∑ó	galactic-senate
ÓČÉ	galaxy
ÓČĄ	galery
ÔĄõ	gamepad
ÔĆ∑	garuda
Ó∑Ļ	gas-pump
ÓüĘ	gatling
Óü£	gatsby
Óļ≤	gauge
ÓīĮ	gauge-high
Óļ≥	gauge-simple
ÔÉ§	gauge-simple-high
ÔÉ£	gavel
Óü§	gazebo
ÔÖĒ	gbp
Óü•	gcc
ÔáĎ	ge
ÔÄď	gear
ÔāÖ	gears
Ôąô	gem
Ôą≠	genderless
Óü¶	gentoo
ÔČ•	get-pocket
ÔČ†	gg
ÔČ°	gg-circle
Óúü	ghost
ÓúĒ	ghost-small
ÔĀę	gift
Óä†	gift-card
ÓĹą	gifts
Óüß	gimp
Óúā	git
Óĺ†	git-alt
Óú•	git-branch
Óú©	git-commit
Óú®	git-compare
Óúß	git-merge
Óú¶	git-pull-request
Ôáí	git-square
Óü®	gitbook
ÔĆĻ	gitea
ÓúČ	github
ÔĄď	github-alt
ÓúČ	github-badge
Óúó	github-full
Ôāí	github-square
Óü©	githubactions
Óü™	githubcodespaces
Ôä¨	gitkraken
Óüę	gitlab
Óü¨	gitpod
Óü≠	gitter
ÔÜĄ	gittip
ÔÄÄ	glass
Ó∑ļ	glasses
Ôä•	glide
Ôä¶	glide-g
Ôā¨	globe
Ôć°	gnome
ÓĚĻ	gnu
ÔĆ•	gnu-guix
Óú§	go
Óüģ	godot
ÔäĮ	gofore
ÓüĮ	goland
ÓĶ™	golf-ball-tee
ÔäŅ	goodreads
ÔčŹ	goodreads-g
Óüį	google
Ôčü	google-drive
Ôč°	google-play
ÔÉē	google-plus
Ôä≥	google-plus-circle
Ôä≥	google-plus-official
ÔÉĒ	google-plus-square
Ôáģ	google-wallet
ÓüĪ	googlecloud
ÓĽČ	gopuram
ÓČą	gps
Óü≤	gradle
ÔÜĚ	graduation-cap
Óü≥	grafana
Óě≥	grails
Óüī	graphql
ÔÜĄ	gratipay
ÔčĖ	grav
Ó∑Ľ	greater-than
Ó∑ľ	greater-than-equal
ÓĻĖ	grip
ÓĹĆ	grip-lines
ÓĹć	grip-lines-vertical
ÓĻó	grip-vertical
ÔčĘ	gripfire
ÓĚĶ	groovy
ÔÉÄ	group
ÓüĶ	grpc
ÓĚĆ	grunt
ÔćĘ	gtk
ÓĹé	guitar
ÓĚ£	gulp
ÓČč	gut
ÔÉĹ	h-square
ÔáĒ	hacker-news
Óļ•	hackerrank
Óü∂	hadoop
ÓČĆ	halter
ÓČć	hamburger
ÓĽŅ	hammer
ÓĽä	hamsa
ÔČĖ	hand
ÔČē	hand-back-fist
ÓĶ≥	hand-dots
ÓĽĹ	hand-fist
ÔČē	hand-grab-o
Ó∂ö	hand-holding
Ó∂ú	hand-holding-dollar
Ó∂Ě	hand-holding-droplet
Ó∂õ	hand-holding-heart
ÔČė	hand-lizard
ÔČė	hand-lizard-o
ÓĺÉ	hand-middle-finger
Ôāß	hand-o-down
Ôā•	hand-o-left
Ôā§	hand-o-right
Ôā¶	hand-o-up
ÔČĖ	hand-paper-o
ÔČõ	hand-peace
ÔČõ	hand-peace-o
Ôāß	hand-point-down
Ôā•	hand-point-left
Ôā§	hand-point-right
Ôā¶	hand-point-up
ÔČö	hand-pointer
ÔČö	hand-pointer-o
ÔČē	hand-rock-o
ÔČó	hand-scissors
ÔČó	hand-scissors-o
ÔČô	hand-spock
ÔČô	hand-spock-o
ÔČĖ	hand-stop-o
Óü∑	handlebars
Ôäß	hands
Ôä£	hands-asl-interpreting
Ó∂ě	hands-holding
ÓĽõ	hands-praying
ÔäĶ	handshake
Ó∂ü	handshake-angle
ÔäĶ	handshake-o
Ó∂†	handshake-simple
ÓľÄ	hanukiah
Ôā†	hard-drive
Ôä§	hard-of-hearing
Óüł	hardhat
ÓüĻ	harvester
Ôäí	hashtag
ÓĚ∑	haskell
ÓČé	hat
Óĺ∑	hat-cowboy
Óĺł	hat-cowboy-side
ÓľĀ	hat-wizard
Óüļ	haxe
Ôā†	hdd-o
Ôáú	header
Ôáú	heading
ÔÄ•	headphones
ÓĻė	headphones-simple
ÓĻô	headset
Ôāä	heard-o
ÔÄĄ	heart
ÓĹŹ	heart-crack
Ôāä	heart-o
Ôąě	heart-pulse
Ôąě	heartbeat
Ó∑Ĺ	helicopter
ÓüĽ	helm
ÓĺĄ	helmet-safety
ÓĚĽ	heroku
ÓČŹ	hexagon
Óüľ	hibernate
ÓČź	high-heel
ÓĻö	highlighter
ÓľÉ	hippo
ÓĶę	hips
Ôč¶	hire-a-helper
Ôáö	history
ÓĶ¨	hockey-puck
ÓĹź	holly-berry
ÔÄē	home
ÓüĹ	homebrew
ÓĶĎ	hooli
ÓĻõ	hornbill
ÓľĄ	horse
ÓĹĎ	horse-head
ÔÉł	hospital
ÔÉł	hospital-o
ÓĺÜ	hospital-user
ÓĻú	hot-tub-person
Óĺá	hotdog
Ôą∂	hotel
ÓĻĚ	hotel-building
Ôčß	hotjar
ÔČĒ	hourglass
ÔČĎ	hourglass-1
ÔČí	hourglass-2
ÔČď	hourglass-3
ÔČď	hourglass-end
ÔČí	hourglass-half
ÔČź	hourglass-o
ÔČĎ	hourglass-start
ÔÄē	house
ÓĺÖ	house-chimney
ÓľÖ	house-chimney-crack
ÓĹĽ	house-chimney-medical
ÔČľ	houzz
ÓľÜ	hryvnia-sign
Óú∂	html5
Ôč®	hubspot
Óüĺ	hugo
Óľ°	hurricane
ÔĆļ	hyperbola
Ôćô	hyprland
ÔČÜ	i-cursor
Ôćö	i3
Óĺą	ice-cream
ÓĹí	icicles
Óĺ®	icons
ÔčĀ	id-badge
Ôčā	id-card
Ó∂Ą	id-card-clip
ÔčÉ	id-card-o
ÓĚĄ	ie
ÓüŅ	ifttt
ÓĹď	igloo
ÔĆ¶	illumos
Óěī	illustrator
Ôąč	ils
ÔÄĺ	image
Óīô	image-portrait
ÔÄŹ	images
Ôčė	imdb
ÔÄú	inbox
ÔÄľ	indent
ÔČĶ	industry
Ó∑ĺ	infinity
Ó†Ä	influxdb
ÔĄ©	info
ÔĀö	info-circle
Óä°	injection
Ó†Ā	inkscape
ÔÖĖ	inr
Ó†ā	insomnia
ÔÖ≠	instagram
ÔÜú	institution
ÓěĶ	intellij
ÓĹĒ	intercom
ÔČę	internet-explorer
Ôą§	intersex
ÓĹē	invision
Óě©	ionic
Ôąą	ioxhost
ÓäĘ	isle
ÔÄ≥	italic
Óĺô	itch-io
Ôč©	itunes
Ôčę	itunes-note
Ó†É	jaegertracing
Ó†Ą	jamstack
Ó†Ö	jasmine
Óúł	java
ÓěĀ	javascript
ÓĚé	javascript-alt
ÓěĀ	javascript-badge
ÓĽĆ	jedi
Ó∑ė	jedi-order
Ó†Ü	jeet
Óúć	jekyll
Óúć	jekyll-small
ÓĚß	jenkins
Ó†á	jest
ÔÉĽ	jet-fighter
Ó†ą	jetbrains
Ó†Č	jetpackcompose
ÓĚú	jira
Ó†ä	jiraalign
Ôč≠	joget
ÓĻě	joint
ÔÜ™	joomla
ÔÖó	jpy
ÓĚź	jquery
Ôčģ	js
ÔáĆ	jsfiddle
Ó†č	json
Ó†Ć	jule
Ó†ć	julia
Ó†é	junit
Ó†Ź	jupyter
Ôćõ	jwm
Ó†ź	k3os
Ó†Ď	k3s
Ó†í	k6
ÓĽé	kaaba
Ó†ď	kaggle
ÔĆß	kali-linux
Ó†Ē	karatelabs
Ó†ē	karma
Ôć≥	kde
ÔĆĪ	kde-neon
ÔĆ≤	kde-plasma
Ó†Ė	kdeneon
ÔĆľ	kdenlive
Ó†ó	keras
ÔāĄ	key
Ó∂Ņ	keybase
ÔĄú	keyboard
ÔĄú	keyboard-o
Ôčį	keycdn
ÓĽŹ	khanda
Ó†ė	kibana
ÔćĆ	kicad
Ôč≥	kickstarter
Ôčī	kickstarter-k
Ó∂ā	kit-medical
Ó∑Ņ	kiwi-bird
Ó†ô	knexjs
Ó†ö	knockout
ÓĶô	korvue
Ó†õ	kotlin
ÓěĄ	krakenjs
ÓěĄ	krakenjs-badge
ÔĆĹ	krita
ÔÖô	krw
Ó†ú	ktor
Ó†Ě	kubernetes
ÔĆ≥	kubuntu
ÔĆī	kubuntu-inverse
Ó†ě	labview
ÓĽź	landmark
ÓľĘ	landmark-dome
ÔÜę	language
ÔĄČ	laptop
Óļß	laptop-code
ÓĺČ	laptop-medical
ÓúŅ	laravel
Ôąā	lastfm
ÔąÉ	lastfm-square
Ó†ü	latex
Óļ®	layer-group
ÓČó	layers
ÔĀ¨	leaf
Ôąí	leanpub
Ôćĺ	leap
ÔĀŹ	left-long
ÔāŹ	left-right
ÔÉ£	legal
ÔāĒ	lemon
ÔāĒ	lemon-o
ÓĚė	less
ÓŅÉ	less-than
ÓŅĄ	less-than-equal
ÔÖČ	level-down
ÔÖą	level-up
Ôć∂	libreoffice
Ôć∑	libreofficebase
Ôćł	libreofficecalc
ÔćĻ	libreofficedraw
Ôćļ	libreofficeimpress
ÔćĽ	libreofficemath
Ôćľ	libreofficewriter
Ôáć	life-bouy
Ôáć	life-buoy
Ôáć	life-ring
Ôáć	life-saver
ÔÉę	lightbulb
ÔÉę	lightbulb-o
ÔčĽ	line
ÔąĀ	line-chart
ÔÉĀ	link
ÔĄß	link-slash
Ó††	linkedin
ÔÉ°	linkedin-in
ÔāĆ	linkedin-square
Ôäł	linode
Óúí	linux
ÔĆé	linuxmint
ÔĆŹ	linuxmint-inverse
ÓČė	lips
ÓČô	lipstick
Ó†°	liquibase
ÔÜē	lira-sign
ÔÄļ	list
ÔÄĘ	list-alt
Ôāģ	list-check
ÔÉč	list-ol
ÔÉä	list-ul
ÓČö	liver
Ó†Ę	livewire
Ó†£	llvm
ÔĄ§	location-arrow
Óļ©	location-crosshairs
ÓīÄ	location-dot
ÔĀĀ	location-pin
ÔÄ£	lock
Ôčľ	lock-open
ÔćČ	locos
Ó†§	lodash
Ó†•	logstash
Óä£	lollipop
ÔÖĶ	long-arrow-down
ÔÖ∑	long-arrow-left
ÔÖł	long-arrow-right
ÔÖ∂	long-arrow-up
Ôä®	low-vision
Óä§	loyalty-card
Ó†¶	lua
Ó†ß	lumen
ÓČõ	lung
Óļ™	lungs
Ôć£	lxde
ÔĆĺ	lxle
Ôć§	lxqt
ÔčĹ	lyft
ÔĆź	mageia
ÓĚÄ	magento
ÔÉź	magic
ÔĀ∂	magnet
ÔÄā	magnifying-glass
ÓĽĚ	magnifying-glass-dollar
ÓĽě	magnifying-glass-location
ÔÄź	magnifying-glass-minus
ÔÄé	magnifying-glass-plus
ÔĀ§	mail-forward
ÔĄí	mail-reply
ÔĄĘ	mail-reply-all
ÓĻß	mailchimp
ÓČú	makeup-brushes
ÔÜÉ	male
Ó∑ô	mandalorian
ÔĆĎ	mandriva
ÔĆí	manjaro
ÔČĻ	map
ÓĻ®	map-location
ÓĻ©	map-location-dot
ÔĀĀ	map-marker
ÔČł	map-o
ÔČ∂	map-pin
ÔČ∑	map-signs
Ó†®	mariadb
Óúĺ	markdown
ÓĻ™	marker
ÔąĘ	mars
Ôąß	mars-double
Ôą©	mars-stroke
Ôąę	mars-stroke-h
Ôąę	mars-stroke-right
Ôą™	mars-stroke-up
Ôą™	mars-stroke-v
ÓĻĄ	martini-glass
Ół™	martini-glass-citrus
ÔÄÄ	martini-glass-empty
Óľá	mask
Óļ∂	masks-theater
Ó∑Ä	mastodon
Ôć•	mate
Óě∂	materializecss
Ó†©	materialui
Ó†™	matlab
Ó†ę	matplotlib
Ó†¨	maven
ÔĄ∂	maxcdn
ÔĀĮ	maximize
Ó†≠	maya
ÓĺĻ	mdb
ÔąĆ	meanpath
Óä•	meat
ÓĻę	medal
ÓīĀ	medapps
Óą°	medicine
Ôąļ	medium
ÔÉļ	medkit
Óīā	medrt
Ôč†	meetup
ÓĻ¨	megaport
ÔĄö	meh-o
ÓŅÖ	memory
ÓĹó	mendeley
ÓĽí	menorah
Ôą£	mercury
ÔČļ	message
Óě•	meteor
Óě¶	meteorfull
Ôčõ	microchip
ÔĄį	microphone
ÓīÉ	microphone-lines
ÓŅÜ	microphone-lines-slash
ÔĄĪ	microphone-slash
Óļ¨	microscope
ÓīĄ	microsoft
Ó†ģ	microsoftsqlserver
Óą£	milk-bottle
Óľĺ	minimize
Ó†Į	minitab
ÔĀ®	minus
ÔĀĖ	minus-circle
ÔÖÜ	minus-square
ÔÖá	minus-square-o
Ó†į	mithril
ÓĹė	mitten
ÓīÖ	mix
ÔäČ	mixcloud
ÓīÜ	mizuni
Óīą	mobile
Óīá	mobile-button
ÔĄč	mobile-phone
ÓīČ	mobile-screen
ÔĄč	mobile-screen-button
Ó†Ī	mobx
Ó†≤	mocha
Ó†≥	modx
Óą•	molecule
Ó†ī	moleculer
Óīä	monero
ÔÉĖ	money
ÔÉĖ	money-bill
Óīč	money-bill-1
ÓŅą	money-bill-1-wave
ÓŅá	money-bill-wave
ÓŅČ	money-check
ÓŅä	money-check-dollar
Óě§	mongodb
Ó†Ķ	mongoose
ÓĻĮ	monument
Ó†∂	moodle
ÔÜÜ	moon
Óą¶	moon-cloud
ÔÜÜ	moon-o
ÓěŹ	mootools-badge
ÔÜĚ	mortar-board
ÓĻį	mortar-pestle
ÓĽď	mosque
Ôąú	motorcycle
Óľą	mountain
Óä¶	mountains
ÔČÖ	mouse-pointer
ÓěÜ	mozilla
Ôćģ	mpv
Ó†∑	msdos
ÓĹô	mug-hot
ÔÉī	mug-saucer
Óąß	mushroom
ÔÄĀ	music
Óą®	mustache
ÔĆŅ	mxlinux
ÓúĄ	mysql
Ó†ł	nano
ÓīĆ	napster
ÔÉČ	navicon
Ó†Ļ	neo4j
Óļ≠	neos
Ó†ļ	neovim
Ó†Ľ	nestjs
Ó†ľ	netlify
ÓľČ	network-wired
Ó†Ĺ	networkx
Ôą¨	neuter
Ôá™	newspaper
Ôá™	newspaper-o
Ó†ĺ	nextjs
ÓĚ∂	nginx
Ó†Ņ	ngrx
Ó°Ä	nhibernate
Ó°Ā	nim
Ó°ā	nimble
ÓĻĪ	nimblr
Óą™	nintendo
Ó°É	nixos
ÔéÄ	nobara
ÓĶĄ	node
Óīć	node-js
Óúô	nodejs
Óúė	nodejs-small
Ó°Ą	nodemon
Ó°Ö	nodewebkit
Ó°Ü	nomad
Ó°á	norg
ÓŅč	not-equal
ÔČČ	note-sticky
Ó∂Ö	notes-medical
Ó°ą	notion
Óúě	npm
ÓīŹ	ns8
Ó°Č	nuget
Ó°ä	numpy
Óīź	nutritionix
Ó°č	nuxtjs
Ó°Ć	oauth
ÔČá	object-group
ÔČą	object-ungroup
Ó°ć	objectivec
Ó°é	ocaml
Ôćć	octoprint
ÔČ£	odnoklassniki
ÔČ§	odnoklassniki-square
Ó°Ź	ohmyzsh
Óļģ	oil-can
ÔĀė	ok-sign
Ó°ź	okta
Ó∑ö	old-republic
ÓĽĒ	om
Ó°Ď	openal
Ó°í	openapi
ÔĆ®	openbsd
ÔąĹ	opencart
Ó°ď	opencl
Ó°Ē	opencv
Ó°ē	opengl
ÔÜõ	openid
Ôćé	openscad
Ó°Ė	openstack
Ó°ó	opensuse
Ó°ė	opentelemetry
ÓĚÜ	opera
Ôąľ	optin-monster
Ó°ô	oracle
Óäß	orange
ÓĺĽ	orcid
Ó°ö	ory
ÔćŹ	osh
Ôćź	oshwa
ÓĶÖ	osi
Óľä	otter
ÔÄĽ	outdent
Ó°õ	p5js
Ó°ú	packer
ÓīĎ	page4
ÔÜĆ	pagelines
Óĺä	pager
Ôáľ	paint-brush
ÓĻ≤	paint-roller
Ôáľ	paintbrush
ÓŅĆ	palette
Óąę	palette-color
Óīí	palfed
Ó∂Ü	pallet
Ó°Ě	pandas
Ôáė	paper-plane
Ôáô	paper-plane-o
ÔÉÜ	paperclip
ÔćÄ	parabola
Ó∂°	parachute-box
ÔáĚ	paragraph
ÔĆ©	parrot
ÓĻ≥	passport
ÔÉ™	paste
Óīď	patreon
ÔĀĆ	pause
Ôäč	pause-circle
ÔäĆ	pause-circle-o
ÔÜį	paw
Ôá≠	paypal
ÓĽĖ	peace
Óä®	peach
Óä©	pear
ÔÄü	pen
ÔÄ†	pen-clip
ÓĻī	pen-fancy
ÓĻĶ	pen-nib
ÓĻ∂	pen-ruler
ÔĀĄ	pen-to-square
ÔĀÄ	pencil
ÔÖč	pencil-square
ÔĀĄ	pencil-square-o
Ó∂Ę	people-carry-box
Óĺč	pepper-hot
Ôäē	percent
ÓīĒ	periscope
ÓĚ©	perl
ÔÜÉ	person
ÓĺĘ	person-biking
Óľ§	person-booth
Óĺ¶	person-digging
ÓĶľ	person-dots-from-line
ÔÜā	person-dress
Óľā	person-hiking
ÓĽö	person-praying
ÓľĆ	person-running
ÓĹ£	person-skating
ÓĹ•	person-skiing
ÓĹ¶	person-skiing-nordic
ÓĹ©	person-snowboarding
Óļč	person-swimming
ÓłĚ	person-walking
ÔäĚ	person-walking-with-cane
Ó°ě	pfsense
Óīē	phabricator
Ó°ü	phalcon
Ó°†	phoenix
ÓīĖ	phoenix-framework
Ó∑õ	phoenix-squadron
Ôāē	phone
Óĺ©	phone-flip
Óīó	phone-slash
Ôāė	phone-square
Ôä†	phone-volume
ÔÄĺ	photo
Óĺę	photo-film
Ó°°	photonengine
Óěł	photoshop
ÓúĹ	php
Ó°Ę	phpstorm
Óą¨	pi
ÔÄĺ	picture-o
ÔąÄ	pie-chart
Ôäģ	pied-piper
ÔÜ®	pied-piper-alt
Ó∂į	pied-piper-hat
ÔÜß	pied-piper-pp
Ó∂£	piggy-bank
Ó∂á	pills
ÔÉí	pinterest
ÔąĪ	pinterest-p
ÔÉď	pinterest-square
Óą≠	pizza
ÓĺĆ	pizza-slice
ÓĽó	place-of-worship
ÔĀ≤	plane
ÓĻ∑	plane-arrival
ÓĻł	plane-departure
Óąģ	planet
ÓąĮ	plant
ÔĀč	play
ÔÖĄ	play-circle
ÔÄĚ	play-circle-o
Óīė	playstation
Ó°£	playwright
Ó°§	plotly
Ôá¶	plug
ÔĀß	plus
ÔĀē	plus-circle
ÔÉĺ	plus-square
ÔÜĖ	plus-square-o
Ó°•	pnpm
Ôčé	podcast
Ó°¶	podman
Ó°ß	poetry
ÓąĪ	poison
Ó°®	polygon
Ôčĺ	poo
Óľ•	poo-storm
ÓļĮ	poop
ÔĆ™	pop-os
Óą≤	popcorn
Óą≥	popsicle
Ó°©	portainer
Ó°™	postcss
ÓĚģ	postgresql
Ó°ę	postman
Ôćī	postmarketos
ÔÄĎ	power-off
Ó°¨	powershell
Ó°≠	premierepro
ÓĻĻ	prescription
Ó∂ą	prescription-bottle
Ó∂Č	prescription-bottle-medical
ÔÄĮ	print
Ó°ģ	prisma
Ó°Į	processing
Ôäą	product-hunt
Óě°	prolog
Ó°į	prometheus
Ó°Ī	protractor
ÔćĎ	prusaslicer
Ó°≤	pulsar
Óąī	pulse
Ó°≥	pulumi
Ó°ī	puppeteer
ÔćĀ	puppy
Ó°Ķ	purescript
Óīö	pushed
Ó°∂	putty
ÔĄģ	puzzle-piece
Ó°∑	pycharm
Ó°ł	pypi
Ó°Ļ	pyscript
Ó°ļ	pytest
Óúľ	python
Ó°Ľ	pytorch
Ó°ľ	qodana
ÔáĖ	qq
ÔÄ©	qrcode
Ó°Ĺ	qt
Ôćú	qtile
Ó°ĺ	quarkus
Ó°Ņ	quasar
Ôćā	qubesos
ÔĄ®	question
ÔĀô	question-circle
Ôäú	question-circle-o
ÓĶĮ	quinscape
ÔčĄ	quora
Óą∂	quora-circle
Óą∑	quora-square
ÔĄć	quote-left
ÔĄé	quote-right
ÓĘÄ	qwik
ÓĘĀ	r
Ó∑Ā	r-project
Ôáź	ra
ÓĘā	rabbitmq
ÓĹö	radiation
Óĺľ	radio
Óął	radioactive
ÓúĽ	rails
ÓĘÉ	railway
Óľ¶	rainbow
ÓąĻ	raining
ÓĘĄ	rancher
ÔĀī	random
ÓúĘ	raspberry-pi
Ôčô	ravelry
ÓĘÖ	reach
Óěļ	react
ÓĘÜ	reactbootstrap
Óľß	reacteurope
ÓĘá	reactnavigation
ÓĘą	reactrouter
Ó∂§	readme
ÓĘČ	readthedocs
Óąļ	real-heart
ÓĘä	realm
Ôáź	rebel
ÓłĆ	receipt
ÓĺĹ	record-vinyl
ÓĘč	rect
ÓļĽ	rectangle-ad
ÔÄĘ	rectangle-list
ÔčĒ	rectangle-xmark
ÔÜł	recycle
Óīú	red-river
ÔÜ°	reddit
ÔäĀ	reddit-alien
ÔÜĘ	reddit-square
ÓěĽ	redhat
ÓĚ≠	redis
ÓĘĆ	redux
ÔÄ°	refresh
ÓąĽ	refrigerator
ÔČĚ	registered
ÔÄć	remove
ÔĀó	remove-sign
ÓĘć	renpy
ÔÜč	renren
ÔÉČ	reorder
ÔÄě	repeat
Ôā∂	repeat-alt
ÓĘé	replit
ÔĄí	reply
ÔĄĘ	reply-all
Óīě	replyd
Ôćí	reprap
Óľ®	republican
ÓĚį	requirejs
Ó∑ā	researchgate
Ôáź	resistance
Óīü	resolving
Óąľ	restore
ÓĹě	restroom
ÔĀĻ	retweet
ÓĻļ	rev
Ó∂•	ribbon
ÓĘŹ	rider
ÔčĶ	right-from-bracket
ÔāĶ	right-left
Ôč∂	right-to-bracket
Óľč	ring
Ôćď	riscv
ÔéĀ	river
ÔÖó	rmb
ÔÄė	road
Ółć	robot
ÔĄĶ	rocket
Óī†	rocketchat
Óī°	rockrms
ÓĘź	rocksdb
ÔĆę	rocky-linux
ÓĘĎ	rockylinux
ÓĘí	rollup
ÓĘď	ros
ÔčĪ	rotate
Ôč™	rotate-left
ÔčĻ	rotate-right
ÔÖė	rouble
Ó∂¶	route
ÓĘĒ	rspec
Ôāě	rss
ÔÖÉ	rss-square
ÓĘē	rstudio
ÔÖė	rub
ÔÖė	ruble
ÔÖė	ruble-sign
ÓúĻ	ruby
Óąě	ruby-o
ÓúĽ	ruby-on-rails
ÓěĎ	ruby-rough
ÓĘĖ	rubymine
Ółé	ruler
ÓłŹ	ruler-combined
Ółź	ruler-horizontal
ÓłĎ	ruler-vertical
ÔÖĖ	rupee
ÔÖĖ	rupee-sign
Óě®	rust
ÓĘó	rxjs
Ôčć	s15
ÔĆó	sabayon
Óĺć	sack-dollar
ÓĚą	safari
ÓĘė	salesforce
ÓĘô	sanity
ÓĚč	sass
ÓĹü	satellite
ÓĹ†	satellite-dish
ÔÉá	save
Óú∑	scala
ÔČé	scale-balanced
Ó∑ü	scale-unbalanced
Ó∑†	scale-unbalanced-flip
ÓĘö	scalingo
ÓīĘ	schlix
Ółí	school
ÓĘõ	scikitlearn
ÔÉĄ	scissors
Ółď	screwdriver
ÓĹį	screwdriver-wrench
Ôää	scribd
Óľć	scroll
ÓĽ•	scroll-torah
ÓĹ°	sd-card
ÓĘú	sdl
ÔÄā	search
ÔÄź	search-minus
ÔÄé	search-plus
Óī£	searchengin
Ó∂ß	seedling
ÓĘĚ	selenium
Ôčö	sellcast
Ôąď	sellsy
ÓĘě	sema
Ôáė	send
Ôáô	send-o
ÓĘü	sentry
ÓĘ†	sequelize
Ôą≥	server
Óī§	servicestack
Óļį	shapes
ÔĀ§	share
Ôá†	share-alt
Ôá°	share-alt-square
ÔÖć	share-from-square
Ôá†	share-nodes
ÔÖć	share-square
ÔĀÖ	share-square-o
Ôąč	shekel
Ôąč	shekel-sign
Ôąč	sheqel
ÔĄ≤	shield
Óī•	shield-halved
Ôąö	ship
Ółú	shirt
ÔąĒ	shirtsinbulk
ÓłĒ	shoe-prints
Ółė	shop
Ôäź	shopping-bag
ÔäĎ	shopping-basket
ÔĀļ	shopping-cart
ÓĘ°	shopware
ÓĘĘ	shotgrid
ÔčĆ	shower
ÔĀī	shuffle
ÔÜó	shuttle-space
Ó∂®	sign-hanging
Ôāź	sign-in
Ôäß	sign-language
Ôāč	sign-out
ÔÄí	signal
ÓĻŅ	signature
Ôäß	signing
ÔČ∑	signs-post
ÓĹĘ	sim-card
Ôąē	simplybuilt
Óī¶	sistrix
ÔÉ®	sitemap
Ó∑ú	sith
ÓĘ£	sketch
Ółē	skull
Óľé	skull-crossbones
ÔąĖ	skyatlas
ÔÖĺ	skype
ÓĘ§	slack
ÔĆė	slackware
ÔĆô	slackware-inverse
ÓľŹ	slash
ÓĹß	sleigh
Ôáě	sliders
Ôáß	slideshare
ÓąÄ	smaller
Óú≠	smashing-magazine
ÔĄė	smile-o
Óľ©	smog
Ó∂Ć	smoking
Ôäę	snapchat
Ôä¨	snapchat-ghost
Ôä≠	snapchat-square
ÔĆ¨	snappy
Ôčú	snowflake
Ôčú	snowflake-o
ÓąĀ	snowing
ÓĹ™	snowman
ÓĹę	snowplow
Ôá£	soccer-ball-o
ÓĘ•	socketio
ÓĽü	socks
Óąā	soda
ÓąÉ	sofa
ÓļĀ	solar-panel
ÓĘ¶	solidity
ÓĘß	solidjs
ÔĆ≠	solus
ÓĘ®	sonarqube
ÔÉú	sort
ÔÖĚ	sort-alpha-asc
ÔÖě	sort-alpha-desc
ÔÖ†	sort-amount-asc
ÔÖ°	sort-amount-desc
ÔÉě	sort-asc
ÔÉĚ	sort-desc
ÔÉĚ	sort-down
ÔÖĘ	sort-numeric-asc
ÔÖ£	sort-numeric-desc
ÔÉě	sort-up
ÔÜĺ	soundcloud
ÓąĄ	soup
ÓĘ©	sourcetree
Óļā	spa
ÔÜó	space-shuttle
ÓĘ™	spack
ÓĽē	spaghetti-monster-flying
Óīß	speakap
Óĺõ	speaker-deck
Óĺ≥	spell-check
ÓąÖ	spermatozoon
Óľź	spider
ÓąÜ	spin-double
ÔĄź	spinner
ÓļÉ	splotch
ÓĘę	splunk
ÔÜĪ	spoon
ÔÜľ	spotify
ÓļĄ	spray-can
Óļó	spray-can-sparkles
ÓĘ¨	spring
ÓĘ≠	spss
ÓĘģ	spyder
ÓĘĮ	sqlalchemy
ÓĘį	sqldeveloper
ÓüĄ	sqlite
ÔÉą	square
ÔÖĆ	square-arrow-up-right
ÔÜĶ	square-behance
ÔÖź	square-caret-down
ÔÜĎ	square-caret-left
ÔÖí	square-caret-right
ÔÖĎ	square-caret-up
ÔÖä	square-check
Ôąģ	square-dribbble
ÔÜô	square-envelope
Ôāā	square-facebook
ÔāĮ	square-font-awesome-stroke
ÓĶį	square-full
Ôáí	square-git
Ôāí	square-github
ÔÉĒ	square-google-plus
ÔÉĹ	square-h
Ôč•	square-hacker-news
ÔčĮ	square-js
ÔąÉ	square-lastfm
ÔÖÜ	square-minus
ÔāĖ	square-o
ÔČ§	square-odnoklassniki
ÓŅć	square-parking
ÔÖč	square-pen
Ôāė	square-phone
Óĺ™	square-phone-flip
ÔÉď	square-pinterest
ÔÉĺ	square-plus
ÓĽô	square-poll-horizontal
ÓĽė	square-poll-vertical
ÔÜĘ	square-reddit
ÓĽ†	square-root-variable
ÔÖÉ	square-rss
Ôá°	square-share-nodes
Ôä≠	square-snapchat
ÔÜ∑	square-steam
ÔÖī	square-tumblr
ÔāĀ	square-twitter
Ôāī	square-up-right
Ôä™	square-viadeo
ÔÜĒ	square-vimeo
ÓīĽ	square-whatsapp
ÔÖ©	square-xing
Ôčď	square-xmark
ÔÖ¶	square-youtube
ÓļÖ	squarespace
ÓĘĪ	ssh
ÔÜć	stack-exchange
ÔÖ¨	stack-overflow
Óúź	stackoverflow
Óĺ°	stackpath
ÓļÜ	stamp
ÔÄÖ	star
ÓĽ°	star-and-crescent
ÔāČ	star-half
ÔĄ£	star-half-empty
ÔĄ£	star-half-full
ÔĄ£	star-half-o
Óļá	star-half-stroke
ÔÄÜ	star-o
ÓĽĘ	star-of-david
ÓļĪ	star-of-life
ÓĘ≤	stata
Óī®	staylinked
ÔÜ∂	steam
ÔÜ∑	steam-square
Óī©	steam-symbol
ÔĀą	step-backward
ÔĀĎ	step-forward
ÔÖĒ	sterling-sign
ÔÉĪ	stethoscope
Óī™	sticker-mule
ÔČČ	sticky-note
ÔČä	sticky-note-o
Óąá	stomach
ÔĀć	stop
Ôäć	stop-circle
Ôäé	stop-circle-o
Ôč≤	stopwatch
Ółó	store
Óąą	storm
ÓĘ≥	storybook
ÓĶí	strava
ÓĘī	streamlit
ÔąĚ	street-view
ÔÉĆ	strikethrough
ÓĶď	stripe
ÓĶĒ	stripe-s
Ółö	stroopwafel
Óīę	studiovinari
ÔÜ§	stumbleupon
ÔÜ£	stumbleupon-circle
ÓĚô	stylus
Óě™	sublime
ÔĄ¨	subscript
ÓĘĶ	subversion
ÔąĻ	subway
ÔÉ≤	suitcase
ÔÉļ	suitcase-medical
Óļą	suitcase-rolling
ÔÜÖ	sun
ÓąĚ	sun-cloud
ÔÜÖ	sun-o
ÓĘ∂	supabase
ÔčĚ	superpowers
ÔĄę	superscript
Óī¨	supple
Ôáć	support
ÓĹ≠	suse
Óąö	sushi
ÓĘ∑	svelte
ÓĘł	swagger
Óļä	swatchbook
ÔćĚ	sway
ÓĚē	swift
ÓĘĻ	swiper
ÓĚó	symfony
ÓĚó	symfony-badge
ÓĽ£	synagogue
Ó∂ć	syringe
ÔÉé	table
ÔÄä	table-cells
ÔÄČ	table-cells-large
ÔÉõ	table-columns
ÔÄč	table-list
ÓĶĪ	table-tennis-paddle-ball
Óīģ	tablet
Óī≠	tablet-button
ÔĄä	tablet-screen-button
Ó∂é	tablets
ÓłĮ	tachograph-digital
ÔÉ§	tachometer
Óąô	tacos
ÔÄę	tag
ÔÄ¨	tags
ÔćÉ	tails
ÓĘļ	tailwindcss
Ó∂™	tape
Ôāģ	tasks
ÓĘĽ	tauri
ÔÜļ	taxi
Ó∑É	teamspeak
Óļī	teeth
ÓļĶ	teeth-open
ÔčÜ	telegram
Óąē	telegram-circle
ÓąČ	telescope
ÔČ¨	television
Ôčč	temperature-empty
Ôčá	temperature-full
ÔčČ	temperature-half
Óľ™	temperature-high
Óľę	temperature-low
Ôčä	temperature-quarter
Ôčą	temperature-three-quarters
Ôáē	tencent-weibo
ÓĹģ	tenge-sign
ÓĘľ	tensorflow
Óěē	terminal
ÓĘĹ	terraform
ÓĘĺ	tex
ÔÄī	text-height
Óĺ¨	text-slash
ÔÄĶ	text-width
ÔÄä	th
ÔÄČ	th-large
ÔÄč	th-list
ÓĽ§	the-red-yeti
ÓĘŅ	thealgorithms
Óļć	themeco
Ôä≤	themeisle
Ôčá	thermometer
Ôčč	thermometer-0
Ôčä	thermometer-1
ÔčČ	thermometer-2
Ôčą	thermometer-3
Ôčá	thermometer-4
Ó∂Ź	thermometer-alt
Ôčč	thermometer-empty
Ôčá	thermometer-full
ÔčČ	thermometer-half
Óąč	thermometer-high
ÓąĆ	thermometer-low
Ôčä	thermometer-quarter
Ôčą	thermometer-three-quarters
Óąć	thin-close
Óľô	think-peaks
Ó£Ä	threedsmax
Ó£Ā	threejs
Ôāć	thumb-tack
ÔÖ•	thumbs-down
Ôāą	thumbs-o-down
Ôāá	thumbs-o-up
ÔÖ§	thumbs-up
Ôāć	thumbtack
Ôćį	thunderbird
ÔÖÖ	ticket
Óīį	ticket-simple
ÔÄć	times
ÔĀó	times-circle
ÔĀú	times-circle-o
Ôčď	times-rectangle
ÔčĒ	times-rectangle-o
ÔĀÉ	tint
Ó£ā	titaniumsdk
ÔÖź	toggle-down
ÔÜĎ	toggle-left
ÔąĄ	toggle-off
ÔąÖ	toggle-on
ÔÖí	toggle-right
ÔÖĎ	toggle-up
ÓĹĮ	toilet
ÓľĎ	toilet-paper
Ó£É	tomcat
Ółõ	toolbox
ÓąŹ	tools
Óļź	tooth
ÔćĪ	tor
ÓĽ¶	torii-gate
Óľ≠	tornado
Ó£Ą	tortoisegit
Ó∑£	tower-broadcast
Ó£Ö	towergit
Óľí	tractor
Ó∑Ě	trade-federation
ÔČú	trademark
Ó£Ü	traefikmesh
Ó£á	traefikproxy
Óļ∑	traffic-light
Ôął	train
ÔąĻ	train-subway
Ôą§	transgender
Ôą•	transgender-alt
Ôáł	trash
Óĺź	trash-arrow-up
ÔÄĒ	trash-can
ÓĺĎ	trash-can-arrow-up
ÔÄĒ	trash-o
ÓĚĺ	travis
ÔÜĽ	tree
ÓĚö	trello
ÔĀĪ	triangle-exclamation
Óąõ	triangle-ruler
ÔČĘ	tripadvisor
ÔćĄ	trisquel
ÔāĎ	trophy
Ó£ą	trpc
ÔÉĎ	truck
Ó∂č	truck-fast
ÔÉĻ	truck-medical
Óļł	truck-monster
Ó∂¨	truck-moving
ÓļĻ	truck-pickup
Ó∂ę	truck-ramp-box
ÔÜē	try
Ôá§	tty
ÔćĹ	tumbleweed
ÔÖ≥	tumblr
ÔÖī	tumblr-square
ÔÜē	turkish-lira
Ôčł	turn-down
Ôčļ	turn-up
ÔĆö	tux
ÔČ¨	tv
Ôá®	twitch
Ó£Č	twitter
ÔāĀ	twitter-square
Ó£ä	typescript
ÓĚ≤	typo3
ÔćŅ	typst
ÓīĪ	uber
Óúļ	ubuntu
ÔĆú	ubuntu-inverse
Óī≤	uikit
ÓĺŅ	umbraco
ÔÉ©	umbrella
ÓļĎ	umbrella-beach
Ó£č	uml
ÔÉć	underline
ÔÉĘ	undo
Ó£č	unifiedmodelinglanguage
Óī≥	uniregistry
Óú°	unity
Óú°	unity-small
Ôäö	universal-access
ÔÜú	university
Ó£Ć	unix
ÔĄß	unlink
Ôāú	unlock
ÔĄĺ	unlock-alt
ÔĄĺ	unlock-keyhole
Ó£ć	unrealengine
ÔÉú	unsorted
Óīī	untappd
Ôāü	up-down
Ôā≤	up-down-left-right
ÓĶŹ	up-right-and-down-left-from-center
Ôā≥	up-right-from-square
Ôāď	upload
ÓĹ≥	ups
Ôäá	usb
ÔÖē	usd
ÔÄá	user
Ó∑Ö	user-astronaut
Ó∑Ü	user-check
ÔäĹ	user-circle
Ôäĺ	user-circle-o
Ó∑á	user-clock
ÔÉį	user-doctor
Ó∑ą	user-gear
Ó∑č	user-graduate
Ó∑ä	user-group
Óľď	user-injured
ÓīĶ	user-large
Ó∑Ą	user-large-slash
Ó∑Ć	user-lock
ÔÉį	user-md
Ó∑ć	user-minus
Ó∑é	user-ninja
Óĺí	user-nurse
ÔčÄ	user-o
Ó∑Č	user-pen
Ôąī	user-plus
Ôąõ	user-secret
Ó∑Ź	user-shield
Ó∑ź	user-slash
Ó∑Ď	user-tag
Ó∑í	user-tie
ÔąĶ	user-times
ÔąĶ	user-xmark
ÔÉÄ	users
Ó∑ď	users-gear
ÓĹī	usps
Óī∂	ussunnah
ÔÉĶ	utensils
ÓąĎ	uterus
Ó£é	uwsgi
Ó£Ź	v8
Óī∑	vaadin
Ó£ź	vagrant
Ó£Ď	vala
ÓĻĺ	van-shuttle
Ôć¶	vanilla
Ó£í	vault
ÔäĽ	vcard
Ôäľ	vcard-o
Óļí	vector-square
Ôą°	venus
Ôą¶	venus-double
Ôą®	venus-mars
Ó£ď	vercel
Ó£Ē	vertx
Ôą∑	viacoin
Ôä©	viadeo
Ôä™	viadeo-square
Ó∂ź	vial
Ó∂Ď	vials
Óīł	viber
ÔÄĹ	video
ÔÄĹ	video-camera
Ó∂≠	video-slash
ÓĽß	vihara
ÓüÖ	vim
ÓīĻ	vimeo
ÔÜĒ	vimeo-square
ÔČĹ	vimeo-v
Ôáä	vine
ÓąĒ	virus
Ó£ē	visualbasic
ÓúĆ	visualstudio
Ó£Ė	vite
Ó£ó	vitejs
Ó£ė	vitess
Ó£ô	vitest
ÔÜČ	vk
Óīļ	vnv
Óĺī	voicemail
ÔĆģ	void
Óľģ	volcano
ÓĶ≤	volleyball
Ôä†	volume-control-phone
ÔÄß	volume-down
ÔÄ®	volume-high
ÔÄß	volume-low
ÔÄ¶	volume-off
ÔÄ®	volume-up
ÓĽ®	volume-xmark
ÓľĒ	vr-cardboard
Ó£ö	vscode
Ôć≤	vscodium
Ó£õ	vsphere
Ó£ú	vuejs
Ó£Ě	vuestorefront
Ó£ě	vuetify
Ó£ü	vyper
Óąí	w3c
ÓŅÄ	walkie-talkie
Óąď	walking
Ółě	wallet
ÔÉź	wand-magic
Óľē	wand-sparkles
Ó∂í	warehouse
ÔĀĪ	warning
Ó£†	wasm
Óľį	water
ÓļĆ	water-ladder
ÓĺĚ	wave-square
Ôćß	wayland
Óĺě	waze
Ó£°	webflow
Ó£Ę	weblate
Ó££	webpack
Ó£§	webstorm
Ôáó	wechat
Óļď	weebly
ÔÜä	weibo
ÓļĒ	weight-hanging
Ó∂ď	weight-scale
Ôáó	weixin
Ôą≤	whatsapp
ÔÜď	wheelchair
Ôäõ	wheelchair-alt
ÓĹä	whiskey-glass
Óīľ	whmcs
Ôáę	wifi
Ôć≠	wikimedia
ÔČ¶	wikipedia-w
ÓľĖ	wind
Ôčď	window-close
ÔčĒ	window-close-o
Ôčź	window-maximize
ÔčĎ	window-minimize
Ôčí	window-restore
ÓúŹ	windows
Ó£•	windows11
Óľó	wine-bottle
Ó∂ģ	wine-glass
Óļē	wine-glass-empty
ÓļĖ	wix
Óľė	wizards-of-the-coast
Ó∑ě	wolf-pack-battalion
ÔÖô	won
ÔÖô	won-sign
Ó£¶	woocommerce
Óúč	wordpress
ÓīĹ	wordpress-simple
Ôäó	wpbeginner
Ôčě	wpexplorer
Ôäė	wpforms
ÓīĚ	wpressr
Ôā≠	wrench
Ó∂Ē	x-ray
Ó£ß	xamarin
Óīĺ	xbox
Ó£®	xcode
Ó£©	xd
Ôćä	xerolinux
Ôć®	xfce
ÔÖ®	xing
ÔÖ©	xing-square
ÔÄć	xmark
Ó£™	xml
Ôćě	xmonad
Ôć©	xorg
ÔąĽ	y-combinator
ÔáĒ	y-combinator-square
ÔÜě	yahoo
Ó£ę	yaml
Óĺü	yammer
ÓīŅ	yandex
ÓĶÄ	yandex-international
Ó£¨	yarn
ÔąĽ	yc
ÔáĒ	yc-square
Ôá©	yelp
ÔÖó	yen
ÔÖó	yen-sign
Óěā	yii
ÓĽ©	yin-yang
ÔäĪ	yoast
ÔÖ™	youtube
ÔÖ™	youtube-play
ÔÖ¶	youtube-square
Ó£≠	yugabytedb
Ó£ģ	yunohost
ÓĚł	zend
Óļļ	zhihu
Ó£Į	zig
ÔĆĮ	zorin
